{
    "src_folders": ["tests"],
    "output_folder": "reports",
    "custom_commands_path": "",
    "custom_assertions_path": "",
    "globals_path": "",

    "selenium": {
        "start_process": true,
        "server_path": "bin/selenium-server-standalone-3.0.0.jar",
        "log_path": "logs/",
        "port": 4444,
        "cli_args": {
            "webdriver.chrome.driver": "bin/chromedriver.exe"
        }
    },

    "test_settings": {
        "default": {
            "launch_url": "http://localhost",
            "selenium_port": 4444,
            "selenium_host": "localhost",
            "silent": true,
            "screenshots": {
                "enabled": false,
                "path": ""
            },
            "desiredCapabilities": {
                "browserName": "chrome",
                "marionette": true
            }
        }
    }
}